command,mean,stddev,median,user,system,min,max,parameter_m
../bin/cooley_tukey_inplace_wlong 5000 10,0.02448094090727273,0.0021932594239319745,0.02495420618,0.024873301818181818,0,0.021363820180000003,0.02779795318,10
../bin/cooley_tukey_inplace_wlong 5000 11,0.04741328745272728,0.0038778756206171742,0.04584529918,0.04761293818181818,0.0000008581818181818371,0.044880696180000006,0.05831349618000001,11
../bin/cooley_tukey_inplace_wlong 5000 12,0.12048038118000003,0.0032894115468596777,0.12072526118000002,0.12037102909090908,0.00009383636363636372,0.11408950718,0.12639763718,12
../bin/cooley_tukey_inplace_wlong 5000 13,0.2792253898163637,0.007158450920610354,0.27985046818000003,0.2788976654545454,0.00010742181818181829,0.26841686018000005,0.28893378318,13
../bin/cooley_tukey_inplace_wlong 5000 14,0.6142652582709092,0.012427477377856998,0.61098125018,0.61327512,0.00024205818181818192,0.59060246218,0.6377296141800001,14
../bin/cooley_tukey_inplace_wlong 5000 15,1.3050765977254544,0.029410812487079028,1.30434562118,1.3033705745454542,0.0001496545454545455,1.26595706018,1.36630239618,15
