command,mean,stddev,median,user,system,min,max,parameter_m
../bin/mixed_radix 5000 10,0.0205349317,0.004528252340135166,0.0191945237,0.02033665818181818,0.00012336727272727272,0.015068688700000001,0.029078330700000002,10
../bin/mixed_radix 5000 11,0.03117706115454546,0.0012245399610837818,0.0310430917,0.030883203636363633,0.0001960963636363636,0.0296786867,0.0337121757,11
../bin/mixed_radix 5000 12,0.07268268742727274,0.004510707949189529,0.0713636787,0.0718097490909091,0.0006551945454545455,0.06900637870000001,0.0839865887,12
../bin/mixed_radix 5000 13,0.15076416988181818,0.004472269384949406,0.1496117737,0.1501007490909091,0.00036173818181818183,0.1443911467,0.1594430777,13
../bin/mixed_radix 5000 14,0.33918332651818184,0.0033472222124662394,0.33885610270000005,0.33804784,0.0006200145454545454,0.33367654970000005,0.34301650370000003,14
../bin/mixed_radix 5000 15,0.6877349554272729,0.017243823170402364,0.6824525147,0.6858933854545455,0.000899381818181818,0.6704193087000001,0.7169401447000001,15
