command,mean,stddev,median,user,system,min,max,parameter_m
../bin/reference 5000 10,0.1536884065327273,0.006807960950757284,0.15049587026000003,0.1531321872727273,0.00021292181818181817,0.14720862726000003,0.16680553026000003,10
../bin/reference 5000 11,0.32691508926,0.0038850631078224257,0.32547394526,0.3256621872727272,0.0006501854545454545,0.32255433226,0.33490234526,11
../bin/reference 5000 12,0.7172847930781819,0.0059149902730432375,0.71570620326,0.7160149145454545,0.00020752363636363636,0.70472867626,0.72579518326,12
../bin/reference 5000 13,1.540954459169091,0.006269922606591488,1.5394242742600002,1.5382819145454543,0.00042199090909090907,1.5327823322600003,1.5503769122600002,13
../bin/reference 5000 14,3.2957723000781822,0.01435016364658992,3.29463143126,3.2908514600000003,0.00030811636363636363,3.27639143126,3.32843855626,14
../bin/reference 5000 15,7.0429588768054545,0.03767559939445141,7.03853374126,7.033026732727271,0.0005787654545454545,7.00037995026,7.1268069052600005,15
