command,mean,stddev,median,user,system,min,max,parameter_m
../bin/rfft_no_lut 5000 10,0.026199919983636365,0.004643623555225883,0.02582815762,0.02608186727272727,0.00006534909090909092,0.02140405762,0.03632871562000001,10
../bin/rfft_no_lut 5000 11,0.046299057256363636,0.005820749898128114,0.043443699620000005,0.046008412727272734,0.00013503818181818182,0.04224482562000001,0.057359839620000005,11
../bin/rfft_no_lut 5000 12,0.09006607289272726,0.004429192572191532,0.08784426862,0.08942523090909088,0.00044295636363636363,0.08558087362,0.09841164062,12
../bin/rfft_no_lut 5000 13,0.18560194325636364,0.004270848440233257,0.18431021162,0.18460577636363637,0.0006610327272727272,0.18211428662,0.19443625862,13
../bin/rfft_no_lut 5000 14,0.376087878529091,0.0020105489422627583,0.37572559662000005,0.37494604909090906,0.0005143727272727273,0.37338539262000003,0.38001719462000005,14
../bin/rfft_no_lut 5000 15,0.7807428722563636,0.0046417074959328375,0.78097862862,0.7789706854545454,0.000649850909090909,0.77299236662,0.78834115662,15
