command,mean,stddev,median,user,system,min,max,parameter_m
../bin/rfft_sorensen_no_lut 5000 10,0.022652660645454546,0.00489959391013103,0.0228301861,0.022349932727272724,0.00025181090909090915,0.0146573771,0.0288871781,10
../bin/rfft_sorensen_no_lut 5000 11,0.03094366555454546,0.006214650995532223,0.030530328100000004,0.030663114545454548,0.00018565454545454546,0.024844455100000003,0.0439589971,11
../bin/rfft_sorensen_no_lut 5000 12,0.05282125800909092,0.0015941141193969426,0.0524277491,0.05224493272727273,0.00040201818181818185,0.0512477411,0.0568105641,12
../bin/rfft_sorensen_no_lut 5000 13,0.1959646281909091,0.006096741685925138,0.19429516810000003,0.19520411454545455,0.0003482254545454545,0.18883897010000003,0.20566046710000002,13
../bin/rfft_sorensen_no_lut 5000 14,0.6281540725545455,0.009122782872519422,0.6267350211000001,0.6268865690909091,0.00046680363636363633,0.6141162611000001,0.6439865721000001,14
../bin/rfft_sorensen_no_lut 5000 15,1.5324996614636364,0.011640036859297,1.5290181161,1.530401841818182,0.0003822581818181819,1.5169643501,1.5506179611000002,15
